Predicted_Class,Interpolated_Cost
building,253.98154287453156
building,253.97352531368472
building,253.97352531368472
building,253.97352531368472
building,253.97352531368472
building,253.97352531368472
building,253.97352531368472
building,253.97352531368472
building,253.97352531368472
building,253.97352531368472
building,253.97352531368472
building,253.97352531368472
building,253.97352531368472
building,253.97352531368472
building,253.97352531368472
building,253.97352531368472
building,253.97352531368472
building,253.97352531368472
building,253.97352531368472
building,253.97352531368472
building,253.97352531368472
building,253.97352531368472
building,253.97352531368472
building,253.97352531368472
building,253.97352531368472
building,253.97352531368472
building,253.97352531368472
building,253.99258878156888
building,253.9947250173404
building,253.99665792456295
building,253.98698827336122
building,253.97352531368472
building,253.97352531368472
building,253.97352531368472
building,253.97352531368472
building,253.97352531368472
building,253.97352531368472
building,253.97352531368472
building,253.97352531368472
building,253.97352531368472
building,253.97352531368472
building,253.97352531368472
building,253.97352531368472
building,253.97352531368472
building,253.97352531368472
building,253.97352531368472
building,253.97352531368472
building,253.97352531368472
building,253.97352531368472
building,253.97352531368472
building,253.97352531368472
building,253.97352531368472
building,253.97352531368472
building,253.97352531368472
building,253.95803299925592
building,253.9712778247232
building,252.06011436577117
building,240.24660177825268
building,221.15901135909837
dirt,66.18351446653845
dirt,41.41823895143069
dirt,19.278448033683734
dirt,33.644920981966386
dirt,43.5897013383959
dirt,60.84982241291532
building,223.8056627513385
building,205.00832719538963
building,179.16737300456776
dirt,45.665677150612446
dirt,47.47880596445083
dirt,33.216439707054334
dirt,102.98921981378112
dirt,65.39599628299642
building,139.4982216056174
building,253.91043692611686
building,252.9806686319371
dirt,102.14494706674043
building,248.83464277449335
building,251.20560254592942
building,253.83061488109067
building,253.84577979311604
building,253.8351795555761
building,253.89189323046276
building,184.07155731317923
building,242.55856321115522
building,195.16547825042173
building,217.63712247387983
building,156.68424261916988
dirt,100.85856216445742
dirt,118.33342620439446
building,151.52055681020184
building,213.11121593846755
building,253.82293655678248
building,253.77700376711897
building,253.38051897120374
building,253.03949614376927
building,253.60375042490097
building,253.7844104298075
building,250.88850329823168
building,253.7573535163562
building,253.72799132030516
building,253.7153012594166
building,250.37228887957835
building,253.62093901710352
building,253.72098952658288
building,253.58584392685202
building,252.88428080693697
building,253.76705626063168
building,252.97057840376706
building,249.04369405139636
building,250.70289255964403
building,238.69413310833443
building,253.73656096069897
building,253.72542483719425
building,253.6346890850166
building,252.84602599043103
building,222.3921074525263
building,232.35947652577568
dirt,130.48919146967535
dirt,40.18332550400121
dirt,61.80246925077577
dirt,14.90620074728525
building,239.51973528404775
building,245.1318341480496
building,235.84234185925882
dirt,28.1380544078608
dirt,10.113894180106815
dirt,10.170351988266958
dirt,10.310110474812753
dirt,21.34563152008218
building,251.63745327503733
building,252.64365854150168
building,252.70742795747003
grass,82.93647876678803
grass,79.11884888485399
building,251.76247531017657
building,251.53422207984713
building,230.91700239219108
building,231.0357036264705
building,253.1666579131136
grass,80.81417210495987
smooth_trail,4.33020386101261
smooth_trail,1.6503152498765616
smooth_trail,1.7610728657088144
grass,83.14227526453585
grass,95.89232845613681
building,209.22136764825336
grass,79.89507502739397
building,244.183514535214
building,253.61095143535564
building,253.5918719414268
building,250.21784239157145
building,240.27145977825967
building,253.3036924281336
building,252.85185569486018
building,241.26001715554827
building,250.4926117084177
building,253.6088239981648
building,253.63931859422385
building,235.48559647832792
building,247.1527597134441
building,253.27136409771757
building,248.63382824685823
building,237.33451164834798
building,251.94249858629752
building,231.3148436871021
building,252.7248324984158
building,253.95381077819098
canopy,158.08782049926458
building,251.61688908189325
building,252.166656638132
building,231.03170260892554
building,253.9145756817556
dirt,10.829025478366997
building,252.18523467855496
building,253.7257249802191
building,247.53979928501155
building,253.65161097545658
dirt,57.78832819047672
building,189.4082543692363
building,246.24454515557943
dirt,19.10016560123644
dirt,11.254132421223819
dirt,10.293061588105624
dirt,10.243428117750778
dirt,15.812317217066026
building,253.0208839436109
building,252.6907969756586
building,252.64283305675093
building,252.69844135606624
building,249.6939417359187
grass,86.51832083782858
grass,79.95466579204957
grass,80.1808664310214
canopy,175.2116264157918
building,252.50354450449925
grass,90.45756169773006
grass,80.63140260839397
smooth_trail,63.22997809832441
smooth_trail,0.5428588419525054
smooth_trail,3.332860222896272
smooth_trail,9.797998859436515
grass,103.90248547787759
grass,80.05626665708351
grass,79.9267039119901
canopy,185.30835571389167
grass,80.12244718605383
grass,80.06938372593945
grass,80.18208100378561
grass,80.34654039074637
grass,105.29813554525973
building,233.46380239200425
building,231.3865117368013
building,235.0963618810593
building,253.9513397297905
building,252.95402111881884
building,235.19152279433433
grass,98.42991229925826
grass,81.59058725392872
grass,80.60290155476386
grass,80.07209556402799
grass,80.50605236438861
grass,80.12004241846019
grass,80.03324309996059
building,198.96248774553698
canopy,125.79387580991596
grass,80.13340330787616
grass,80.07539157635114
building,253.92933168807733
building,206.71685367141527
grass,71.07000472830923
building,209.3006339517756
building,187.87834960572755
dirt,79.37130532142672
building,214.00203292995502
dirt,14.564795198318057
dirt,31.241995027561977
dirt,61.228637927522755
building,196.9542654565845
dirt,20.148867919696528
dirt,11.978996987021942
dirt,47.78997421038108
building,181.60222863543552
canopy,110.46330746494478
building,252.74260948485838
building,252.68909498351528
building,246.1835441939237
building,252.23527648233778
grass,82.26466991153139
grass,80.40282011886129
grass,80.15621460467828
grass,79.83955119545499
grass,80.48170008995532
grass,81.59458754904222
grass,86.02978394467371
grass,79.87184751867494
smooth_trail,6.105781491560132
smooth_trail,2.14920450285497
smooth_trail,1.1431011059085778
grass,108.81450269767086
grass,80.05010003919278
grass,80.16735974038124
grass,82.67024857145356
grass,84.41964364699784
grass,80.3657533841115
grass,80.14133272450569
grass,80.08286979483154
grass,80.91310698156961
grass,93.61977261581615
grass,80.46470701535337
grass,94.51985047325778
building,253.936328827078
building,253.94628485634138
building,253.94586111928442
building,253.4674536384309
grass,75.87480898573041
grass,88.5445998217921
building,237.09220073353876
building,246.06325407692188
building,248.02131364288334
building,204.08960636061374
grass,90.65882672831678
building,220.3892163508355
grass,78.37312397907694
building,225.27402602040257
building,253.96383466969513
building,253.93013295475112
building,253.95676257951274
building,251.80459180021566
building,253.17844180341444
grass,100.60626812728918
grass,79.47792749578068
dirt,40.96248708072477
dirt,37.6354870274842
dirt,95.48256127528211
building,253.67944510631116
building,253.83643717527184
building,253.5334726268632
building,253.5516596257964
grass,80.09411112655722
grass,79.77411929357754
smooth_trail,46.73971367344713
building,241.97397904350706
building,237.19987189119115
grass,79.94732432601958
grass,79.9897791361112
grass,87.42384664534266
grass,81.99727070992769
grass,90.30324453202266
building,212.0414826337316
building,247.46342645722638
grass,80.74464143349367
grass,80.1341962211918
smooth_trail,5.095232911726766
smooth_trail,7.935589298601032
smooth_trail,2.1290703683218224
grass,80.30275869724046
grass,108.47394413906034
grass,80.1949237433809
grass,80.07072642440207
canopy,145.6040920466546
grass,80.0684792979355
grass,80.29534205393742
grass,80.08954627458576
grass,80.73814038228652
grass,79.8823512118154
grass,80.05194854007726
building,188.42507198464511
building,253.8300769620933
building,253.9476117959227
building,253.94524382392808
building,253.62132911026603
grass,80.08112202395436
grass,80.1714157954145
grass,81.84757205794088
grass,80.96360226593409
grass,103.27424317384208
canopy,154.94096028702407
grass,117.291732513429
canopy,156.7863634238634
grass,80.1602858308298
grass,80.24587267139783
building,253.90531486465758
building,253.92280451557852
building,253.9657799724656
building,252.9345171450158
building,235.66363460504888
grass,80.32068063627959
grass,80.34239704050424
building,217.19030336740582
grass,80.23127186434634
grass,80.1031332611879
building,251.7370481774594
building,252.73790872292628
building,252.74654066620985
building,253.46383157152505
grass,79.96808397456175
grass,79.93154981400193
grass,80.0022596622812
building,191.52506141237535
grass,80.04434279238541
grass,80.00148313507657
grass,88.82897075205508
grass,85.82535129273876
grass,92.58212665436768
building,252.73409847635813
building,252.72820762120944
building,252.70552505270965
building,251.8526762222709
grass,80.28215727128213
smooth_trail,17.220476788536562
smooth_trail,0.2854265328853646
smooth_trail,7.839549407003357
grass,80.03244282265827
grass,92.09152709870814
grass,80.01048972966446
grass,80.12898683292872
canopy,170.9657531587522
grass,80.24468992993914
grass,80.05019690797259
grass,80.23233460991143
grass,87.96509213853389
grass,80.04459409292818
grass,80.18364713539228
building,253.94801226102228
building,253.94605684642212
building,253.94850779523915
building,253.94544953785217
building,252.70154393964023
grass,80.03750892849914
grass,80.77224313467404
grass,80.09972133524118
grass,80.04402919157131
grass,80.14291708156307
building,158.7447360618859
grass,118.90407255739395
grass,104.87695636421023
grass,80.05339876850914
grass,80.25950556190864
building,249.69667096205387
building,252.75627565336904
building,252.74266012147655
building,250.94340412470854
grass,121.97384848932194
grass,80.0355590831608
grass,80.06365168660315
building,160.9344436201406
grass,80.13570546908616
grass,80.46644971500842
building,160.67635225385254
building,252.73357289966282
building,252.7494247869562
building,251.68410949515638
grass,81.21440267051743
grass,80.33028392405276
grass,80.26756329485441
grass,80.35098773320817
grass,80.10836491188141
grass,99.92246655634926
grass,81.44203684230995
grass,80.03447289483624
grass,80.76083352455434
building,252.70528213495723
building,252.63284559898193
building,252.71614881886723
building,253.691744114458
grass,80.09232094697936
grass,80.45909048580418
smooth_trail,1.0519623656777108
smooth_trail,17.266762091238697
grass,80.97281522237854
grass,87.54092601439278
grass,80.18383663390443
grass,80.24318185211258
grass,101.07461142093356
grass,81.35372457710044
grass,80.82454373078906
grass,80.51382531919101
grass,94.39289250826515
grass,80.5657864421685
grass,80.20408273151541
building,162.50536413456862
building,200.00159674602244
building,246.7977564372612
building,250.70657754485404
building,230.7734461869979
grass,80.07225391382264
grass,80.25184472288211
grass,80.1543654973864
grass,80.07286343406459
grass,83.92000361909164
building,244.3579367662997
grass,100.67995056466843
grass,88.63899053115813
grass,80.1948227360904
grass,81.05187832127126
grass,93.288457329948
grass,80.50288021054948
building,140.94317896726807
building,240.0318128909132
grass,79.95913627351598
grass,80.16048531993059
grass,80.04428009936395
building,177.17373552442496
grass,80.41982894813756
grass,80.62977969698883
grass,122.3115783941958
building,251.95545465679484
building,249.59176801729924
building,250.67542007806375
grass,89.97991533393508
grass,80.0489668573456
grass,80.06752882776124
grass,80.08765060202876
grass,80.05379009995933
grass,86.82232842023731
grass,80.12666297029031
grass,80.0502422628513
grass,79.98306812577572
building,252.68666096919324
building,252.71640028851917
building,252.61538709876464
building,252.13341308911197
grass,80.17555735443183
grass,80.7071266339094
smooth_trail,0.5254120125921861
smooth_trail,21.188390439900203
grass,80.53880142334839
grass,81.9590653979069
grass,80.31402286136887
grass,79.98837071220018
grass,80.32913863525268
grass,94.90510146959541
grass,80.12834608219885
grass,80.31292304959659
grass,97.87584287514889
grass,80.14038653954024
grass,80.25697124551819
grass,80.045709164517
grass,80.04379817260686
grass,80.48933586846711
grass,80.46967847264587
grass,117.07250800885924
grass,86.25533461345857
canopy,115.1410221933606
grass,93.2015162948406
grass,81.4195078690479
grass,81.9512042101447
building,213.64964601423333
building,145.53142660325653
grass,80.26921049716493
grass,80.00530931508679
grass,80.2538727983484
grass,96.72700165838097
grass,80.20610747591167
grass,80.25802215468927
grass,80.37757820391867
grass,80.14082982484277
grass,80.10125898043036
grass,80.7379014680184
building,204.48285214479787
grass,80.03475537552804
grass,80.02619666746506
grass,80.3635873163117
building,150.64137430809902
grass,81.80362934166743
grass,80.09304889096255
grass,80.13042234778031
grass,80.10460801589554
grass,80.04648330318777
grass,80.2494860904193
grass,80.7319497546832
grass,82.15383596061677
grass,80.17228986265891
grass,80.15232963184003
grass,80.90146931000665
building,252.71156042136508
building,252.66991195624428
building,252.60407131577466
grass,96.06818832670125
grass,80.25581834570805
grass,81.43307890600364
smooth_trail,2.964840554565674
smooth_trail,2.414025459628066
grass,80.40350700496776
grass,80.21863816472562
grass,116.71545801129346
grass,80.08078132053275
grass,80.06323534427041
canopy,161.0201560809261
grass,80.08525006582725
grass,80.18148580196463
grass,108.56229367615809
grass,80.50252854130112
grass,80.34541131808336
grass,80.20166182533775
grass,80.97532620838749
grass,80.38823525479671
grass,80.30471116712557
grass,85.43796457060701
building,253.94817144313956
building,253.83914917850566
building,253.95532596107438
building,253.8400005639162
building,242.08285805540075
building,252.95574824260694
building,253.63551402395586
grass,80.47931874695612
grass,80.10589992766728
grass,80.02063130582533
building,234.3039991088927
dirt,105.99969700103983
building,204.15954065851997
building,190.79209721677688
building,137.29006195956438
grass,80.38014283273382
grass,86.29354608323018
building,208.3782472811207
grass,87.89139916040023
grass,84.79452574135064
grass,112.40117961451585
grass,90.51277452752302
grass,113.72127097515244
grass,87.58058448997721
grass,94.68910327336415
grass,117.01656017626719
grass,100.64994540637701
grass,140.0588896879001
grass,83.58233606127516
building,109.85133838051391
grass,100.43605162043559
grass,89.79171110608789
grass,102.01352983047838
building,247.45387485004417
building,243.8433126452388
building,252.68994603019038
grass,107.1913672659456
grass,80.06028709097106
smooth_trail,6.770144776181951
smooth_trail,0.65114219558535
smooth_trail,0.8351317279323592
grass,81.7927934437274
grass,80.85083679360147
grass,94.34752575239894
grass,81.95218964974269
canopy,143.08221376802308
grass,83.39982747405763
grass,80.06000682823922
grass,80.74631287761191
grass,99.20777516540385
grass,80.10343888818844
grass,80.11012624112577
grass,80.11511424366952
grass,80.30073520464259
grass,80.39191617968847
grass,82.66759268498875
grass,80.69307226892334
building,159.71440215250664
building,253.2080195767528
building,253.94614369360536
building,253.94906873884483
building,253.9468167026292
building,253.94786805968494
building,253.99588667370242
grass,109.85107439550819
grass,81.74010684516215
grass,80.48982388464005
dirt,43.091527970533676
dirt,10.333513558802267
dirt,15.731593041640778
canopy,117.60772356612956
canopy,160.58864679505766
grass,79.54014832596648
grass,75.4783245497303
grass,79.82378630926306
grass,77.0518952809912
grass,81.83262068571096
grass,81.78452398373358
grass,80.7980493623283
grass,81.1480951307493
grass,80.22389889949267
grass,80.2550687479782
grass,80.32391431292476
grass,80.90639349037221
grass,80.33099566041201
grass,83.70610600148619
grass,79.81883678774469
grass,80.80965388289094
grass,80.27613585765174
grass,80.18328951881153
grass,80.84045027851238
grass,80.13402034125428
grass,80.29232520454967
grass,81.4711931648811
smooth_trail,16.855803912058057
smooth_trail,1.2434328967483976
smooth_trail,0.3473580317529778
smooth_trail,1.0308720643176985
smooth_trail,2.1656089370938596
grass,78.96797449083466
grass,80.32848941945096
grass,80.09786893552977
grass,106.4322503838593
grass,92.37688686107379
grass,82.44178964466306
grass,80.71007883499159
grass,127.13213183620934
grass,84.12134966550433
grass,96.47975119302741
grass,83.89366531249787
grass,80.96684294984908
grass,82.0753709231137
grass,102.12789938736735
grass,87.89155762591923
building,245.37925554943106
building,253.2051717849494
building,253.94910713954133
building,253.94957463639517
building,253.950280452835
building,253.9386974969997
building,253.17011575042125
building,253.50541411035908
building,253.3361870769549
building,252.2877088853268
dirt,21.737350936717156
dirt,10.138397892662546
dirt,10.862731752927681
building,137.36186568910801
building,132.38675571129846
building,135.3141095976191
smooth_trail,107.95770200506146
smooth_trail,5.3818315518432085
smooth_trail,1.2513128030499938
smooth_trail,1.1367242648277485
smooth_trail,0.45948378141163154
smooth_trail,0.1315367343906035
smooth_trail,0.24311137995061666
smooth_trail,0.5512355194569991
smooth_trail,0.327426459628715
smooth_trail,2.912643583428846
smooth_trail,0.5224519974050287
smooth_trail,0.23327867069200997
smooth_trail,1.0596471703608958
smooth_trail,0.33175558717075476
smooth_trail,1.1642718410477673
smooth_trail,1.1325714978136607
smooth_trail,1.3206351146746789
smooth_trail,2.5650735882107103
smooth_trail,0.8650864918744718
smooth_trail,2.1081578781186705
smooth_trail,1.2981613941465118
smooth_trail,2.080727043408041
smooth_trail,0.8989235860032333
smooth_trail,4.037052074794512
smooth_trail,1.2635028991923347
smooth_trail,0.181261579128367
smooth_trail,0.44424728414927733
smooth_trail,32.79454091712747
grass,80.57589669140282
grass,80.62954682037015
grass,80.32472518453818
grass,80.29096002978311
grass,82.42581773271205
grass,83.34371781404852
grass,80.41578801905132
grass,83.70135976181467
grass,93.35087333917892
grass,86.9096884805945
grass,81.85086694199191
smooth_trail,64.62537906910926
grass,81.48868344700925
smooth_trail,111.82394627526698
building,251.9384816924316
building,242.39999812446487
building,247.22417507079558
building,248.77035285374572
building,246.78029209026568
building,247.08704555279442
building,252.15881795400887
building,225.6751897031551
building,251.58773797214585
dirt,99.11622499257574
dirt,10.53490567643497
dirt,11.50677986487572
dirt,11.478003928231246
dirt,41.81000933826816
dirt,29.254719491853358
dirt,41.050333081390704
smooth_trail,53.64434251292616
smooth_trail,0.7872401669280239
smooth_trail,1.7830328918242813
smooth_trail,0.4296330263621947
smooth_trail,1.02374726791425
smooth_trail,0.3312628317952072
smooth_trail,0.3925109415169301
smooth_trail,0.3039141205768862
smooth_trail,1.2184948799314852
smooth_trail,0.8397768486388348
smooth_trail,2.8555759573832042
smooth_trail,5.009369079378405
smooth_trail,1.0382122024726577
smooth_trail,0.5791194789533425
smooth_trail,1.0401519810527389
smooth_trail,0.9734131817952943
smooth_trail,1.2386219873280442
smooth_trail,1.6051948394507585
smooth_trail,3.041768702424923
smooth_trail,0.16515193329408256
smooth_trail,0.5692435639706057
smooth_trail,1.1169909391678332
smooth_trail,0.5703871670173511
smooth_trail,0.6902105771651863
smooth_trail,1.3370463293087902
smooth_trail,3.725207881449562
smooth_trail,1.6935633511178108
smooth_trail,1.135420193568568
smooth_trail,3.227305372659859
smooth_trail,47.434764823846464
grass,80.36041054592086
grass,79.77868310171363
grass,80.8144539923515
grass,80.15660383708533
grass,80.37839263892614
grass,80.46704446642718
grass,80.03045535171937
grass,80.25395070078523
grass,80.80605627234746
grass,80.02746178165688
grass,80.37092854572192
grass,80.24704486295508
grass,80.89706381866203
grass,80.80603788539631
building,209.6086460011599
grass,85.52030503443135
grass,93.46362805226468
grass,80.40886642430519
building,253.4595688310349
building,250.628101029061
dirt,44.02102022606557
dirt,10.120299587932344
dirt,10.26018498468477
dirt,10.084857003478406
building,145.68315366685286
building,253.95165991983353
building,253.8828652750288
building,247.6940997606228
smooth_trail,53.771122989372536
smooth_trail,0.5991066073861968
smooth_trail,2.0183657055120654
smooth_trail,0.37264679843799053
smooth_trail,0.9684601876282632
smooth_trail,5.269028385160603
smooth_trail,0.8383198897398636
smooth_trail,1.2010527596994158
smooth_trail,2.7507300142516593
smooth_trail,8.9997313414317
smooth_trail,64.13449666205858
grass,85.49984999770717
smooth_trail,57.63938688094271
smooth_trail,1.5910018864467563
smooth_trail,4.892708676962584
smooth_trail,42.408095002048555
grass,80.1732252546301
grass,79.59028135953417
grass,78.72974296194747
smooth_trail,2.145846700492693
smooth_trail,0.6563405713624505
smooth_trail,0.3166384113538359
smooth_trail,2.296935226304003
smooth_trail,2.510780548874707
smooth_trail,0.45099998343690473
smooth_trail,0.3070075923306591
smooth_trail,1.0274088055278576
smooth_trail,0.4959690345472972
smooth_trail,0.6475087085452111
smooth_trail,0.20671113874271227
smooth_trail,0.22876256602656692
smooth_trail,0.3467388204269674
smooth_trail,1.446097953903897
grass,79.82853767214286
grass,80.3304245062012
grass,80.87072293112094
smooth_trail,14.15795350868699
smooth_trail,16.30543449423246
grass,73.97257459697136
grass,81.50175158718812
grass,80.82787162402462
grass,81.79240548835396
grass,80.12475887530324
grass,80.1425476853006
grass,80.25397001577073
grass,80.00283860785127
grass,80.92963201153994
grass,86.60533714997138
building,192.9212525305579
dirt,57.8264090353432
dirt,10.216221310777977
dirt,10.48467342344707
dirt,10.201441000298672
dirt,11.433168863144587
building,253.63334555094184
building,253.82588894383434
building,239.54026409653704
building,215.25457048083092
grass,80.8596448029292
grass,80.50248263070128
grass,80.31749468090729
grass,80.08167397252664
grass,80.15355206056336
grass,80.13069050318398
grass,80.27154214640673
grass,80.00224179755041
grass,79.61477937478824
grass,79.96454746297617
grass,80.03255396419519
grass,80.90929303875068
grass,80.26508618955366
grass,80.05993961485734
grass,80.06261878553465
grass,103.61922551777894
grass,87.45237005757025
grass,85.10882031139775
grass,82.58965477972585
smooth_trail,0.290671355355773
smooth_trail,1.3812079148449121
smooth_trail,0.212514537457332
smooth_trail,1.3207280213798414
grass,80.26415064610235
grass,81.09326253023444
smooth_trail,33.79642248594013
smooth_trail,0.5371884330214066
smooth_trail,0.6726954252816928
smooth_trail,0.9017767963041309
smooth_trail,0.6954887049689172
smooth_trail,1.2732795239683765
smooth_trail,0.2825505686524227
smooth_trail,0.7056587990760136
smooth_trail,2.0861000293058933
smooth_trail,0.7525304774758612
smooth_trail,1.1292295387697782
smooth_trail,3.2107605205842376
smooth_trail,0.4400499528029675
smooth_trail,0.13328282666749305
smooth_trail,0.7853181824639431
smooth_trail,0.3178997551407718
smooth_trail,3.8872044880028107
smooth_trail,1.9203389644815485
smooth_trail,2.5791352684964632
smooth_trail,11.918914487486944
smooth_trail,54.94562439645851
grass,79.7320477293903
grass,80.95296412604597
dirt,59.49290319853202
dirt,10.15720336200178
dirt,10.513265195254464
dirt,10.704286085378206
dirt,12.008859447435901
building,251.80817350190466
building,253.7071187690718
building,221.4430502978046
building,247.9825943298024
building,248.67122970507276
grass,81.66554713271253
grass,80.21456347474073
grass,80.19498914634705
grass,79.95545407614985
grass,79.47798464110643
grass,78.62835265388983
grass,79.60213674556128
grass,79.53754695723873
grass,78.65135900648208
grass,77.82442034274901
grass,79.84946317155837
grass,80.35822167616165
grass,80.02246680722313
grass,79.8446953295743
building,245.22347007235012
building,252.58483183586918
building,253.36833154524427
building,206.76427783276992
smooth_trail,10.539151132008607
dirt,78.47626329924894
dirt,11.452043711635225
grass,90.36190560444443
grass,92.26985343430059
grass,70.28191318372716
grass,85.65763534655069
grass,80.0632288393451
grass,79.75337891234577
grass,78.68409773852133
grass,79.23686701222853
grass,76.75804585873195
grass,80.81429420284377
dirt,38.77416048635943
smooth_trail,0.5029385012580554
smooth_trail,0.4616421857366391
smooth_trail,0.9033285790400634
smooth_trail,1.5882116768037042
smooth_trail,0.3852418957347151
smooth_trail,0.9923559050094719
smooth_trail,2.50124465039582
smooth_trail,2.224578817084396
smooth_trail,0.45365321399444114
smooth_trail,0.10894432528533675
smooth_trail,2.8107729777367294
smooth_trail,5.442811801234125
smooth_trail,0.6230818929493576
smooth_trail,0.38896231130708464
smooth_trail,0.7986293185200881
dirt,28.76123559376595
dirt,10.110883567978748
dirt,10.243625311367879
dirt,118.6822124664939
building,253.77081284916474
building,250.68438528748095
building,253.34032175763025
building,234.78567566787288
building,251.75733437336592
building,244.44170107289182
smooth_trail,33.094321718560735
grass,80.04566671184067
grass,79.99976927212246
grass,79.9219593686707
grass,74.78034457875732
dirt,17.58755017789487
dirt,10.896343167087931
dirt,21.904994572514262
grass,72.56770765272846
grass,78.8617569020436
grass,79.61443525414741
grass,80.30307743774554
grass,80.20866171057874
grass,80.25642990779991
grass,80.15557151574065
grass,79.8691712444945
grass,83.19626235450919
building,253.71551812087438
grass,81.27314444843296
dirt,10.566424188021244
dirt,24.728506269978258
grass,81.4266997597863
grass,116.73845795778965
building,253.58571835563194
building,233.09214375231565
smooth_trail,59.33741730601858
smooth_trail,46.76892809236493
grass,101.85641677010845
grass,80.389315163556
grass,80.73062259987476
grass,80.70100095641214
grass,81.21912313574839
grass,80.2486952260576
grass,79.94583567900119
smooth_trail,44.73936168268064
smooth_trail,2.1194110228794156
smooth_trail,0.7865656166805212
smooth_trail,1.3249248688411348
smooth_trail,0.47193380042867217
smooth_trail,0.20168150736664012
smooth_trail,0.7704859759371081
smooth_trail,1.58328339890716
dirt,84.51723155159948
dirt,20.17620515509203
dirt,46.83606467014233
smooth_trail,2.7699923482997555
smooth_trail,1.8612470395324177
dirt,19.738282783264694
dirt,10.321580386363621
dirt,10.413502027498858
dirt,21.87889806130806
building,250.69701323856438
building,253.77347940908362
building,250.87609066434723
building,240.30344955590522
building,250.34581746900636
building,245.80881180584683
smooth_trail,33.92495607633326
grass,80.0553356822581
grass,80.0422503216522
grass,76.9162549309526
dirt,44.160642470625774
dirt,10.548001038601033
dirt,12.935069451193314
dirt,10.57282447622861
dirt,15.73524895168806
grass,79.23749454116529
grass,79.89384491545457
grass,80.09002557096211
grass,80.0863150467812
grass,80.24274329559654
grass,80.14798061217994
grass,80.1133423529982
grass,82.31640456928048
grass,90.35328130531985
dirt,43.27419292191882
dirt,10.140220855108762
grass,58.54596451769549
building,243.2103834425832
building,251.7907359113191
building,253.48322343983878
building,224.8784158012253
building,253.5847730164042
building,253.58083653964945
smooth_trail,122.01487861812606
grass,80.07494939026788
grass,80.27181848860299
grass,80.05899278643172
grass,80.17721906898039
grass,80.28763229426065
grass,80.1179629412344
grass,80.28750871055529
grass,80.36889735754389
grass,80.03266304590409
grass,80.20962135067072
grass,82.30352414245306
grass,76.48174001326674
grass,80.62961235886124
dirt,47.83807696229265
dirt,10.434191657405508
dirt,10.63375969635779
dirt,10.284389538783499
dirt,18.8880465945222
dirt,13.439858814162337
dirt,35.12155644104291
dirt,10.60434518181348
dirt,10.18467919240284
dirt,10.098582483779484
dirt,10.132269301749796
building,221.4883810741001
building,232.6953645422878
building,247.98160743577466
building,253.36603424670963
building,233.4123428433961
building,192.05403035525632
grass,79.9808080375887
grass,79.84883621825077
grass,72.58091082686282
dirt,13.813618649945823
dirt,10.39874814798247
dirt,17.980692956798
dirt,24.13602110754806
grass,63.07211860054885
grass,79.92742466274412
grass,79.9800479181878
grass,81.91387686495085
grass,80.8057650941846
grass,80.24628486585458
grass,80.20523382906097
grass,80.42214047905945
grass,81.05046268830584
grass,80.3483332972806
dirt,10.333864081366832
dirt,11.057841627472387
grass,80.43021304482028
building,215.73372095984203
building,253.85147745008456
building,193.4841873147817
grass,79.76782751550348
grass,79.65331111722676
grass,111.8872814409803
building,229.14816078289823
grass,82.59451518705121
grass,80.12802669712988
grass,80.39781398044413
grass,80.12374300882036
grass,80.35834382477132
grass,80.96481385921771
grass,80.18598258966121
grass,73.67278009293003
grass,116.01586963601218
canopy,159.0859202316724
canopy,159.4809100043602
canopy,153.94634554712223
grass,81.51137740383183
grass,78.04200157564264
dirt,14.961830629155646
dirt,12.560694161927241
grass,67.52833887164886
dirt,32.82724823590773
dirt,10.251885207958805
dirt,45.43265152884165
dirt,32.78271371782836
dirt,10.203317814034666
dirt,10.212655129828995
dirt,10.12703512903334
dirt,10.576810904597448
dirt,13.569484228182539
dirt,11.914416338518011
dirt,12.034790340847183
grass,79.85323110081661
grass,80.12481247740993
grass,80.10772834309817
grass,79.9190317905495
grass,79.16374186308965
dirt,36.427656172812796
dirt,13.159234449373914
dirt,12.675936565066584
grass,78.70697477994354
grass,78.16183589522986
grass,80.01081679803946
grass,80.21559715409964
building,145.7030552498725
building,245.28384129764004
building,186.3195428858092
grass,85.0121524774138
grass,80.02216138067465
grass,80.31567471867554
grass,83.6559202574397
dirt,10.759662868517303
dirt,12.11695154517734
grass,80.42528159480234
grass,80.06503806220584
grass,87.65737991307145
canopy,147.52560939055536
grass,79.73041591222025
grass,70.43193499780237
grass,79.82419300763776
grass,80.28733129459968
grass,88.41290270823626
grass,80.15711409732405
grass,80.26103622036258
grass,80.26938291983791
grass,80.92008676575195
grass,79.9212798397325
grass,54.42650312254344
dirt,11.753110654982862
canopy,92.84312982855508
canopy,157.89921905561408
canopy,157.98961207881453
canopy,132.65205369889983
grass,81.01441139544127
grass,80.16362946272986
grass,80.00479993753848
grass,80.3087228888256
grass,80.27512785417326
grass,79.87338410298527
dirt,11.34238199367735
dirt,39.70908418606018
grass,49.15864657454274
dirt,10.22514902361003
dirt,10.316596270273225
dirt,10.386273134694186
dirt,10.235588000936158
dirt,10.257655255032324
dirt,10.252502706850967
dirt,19.669496278055675
grass,80.14346773837752
grass,80.26013503896203
grass,80.18416792198805
grass,79.99465292005193
grass,79.5417186767226
grass,54.905839367363
dirt,31.022422962797535
grass,79.84269616987118
grass,79.84784530242007
grass,80.05384990452846
grass,80.1230435040439
grass,80.12377989710994
building,185.8260981210681
building,180.55407733281118
building,252.89311210832156
building,251.88844752333677
building,249.36406063549754
building,224.1468713628273
grass,80.1532347830168
dirt,10.072941699146767
dirt,10.764624848634348
grass,80.84954210147298
grass,80.72273082287766
grass,80.18372876009181
grass,79.98736916630322
grass,79.72949270763874
grass,75.33184901514353
grass,79.36244242704764
grass,76.4843183988975
dirt,21.581122479739765
dirt,10.217042023613798
dirt,34.947072759087575
grass,78.4381976450702
grass,79.9468587099252
grass,63.93990622526189
dirt,39.6061348530218
dirt,25.548711229026758
dirt,82.85392959493157
canopy,159.36617687609072
canopy,140.92460303347025
grass,50.83074801978984
grass,74.31931257570764
grass,80.48034408460592
grass,80.37794866858873
grass,80.4036495027139
canopy,159.58800188284755
canopy,159.73736380356883
grass,80.03457770502017
dirt,17.32738082954435
dirt,44.013877495285655
dirt,12.016486365759185
dirt,10.509085907868537
dirt,10.191405912305807
dirt,10.085462384255505
dirt,10.228217889663966
grass,47.5707877250261
grass,79.81020130511907
grass,80.01991604527181
grass,80.10157635228595
grass,80.04879712601297
grass,79.95454353605227
grass,75.69047346737734
grass,72.07716072584859
grass,73.7562493190999
grass,79.96925282838507
grass,80.3476797772102
grass,80.09312725967878
grass,80.43885354564158
grass,81.66853354701851
grass,80.31577377571767
grass,80.18127459732679
grass,101.05354557062344
building,141.58405854285326
building,253.7551462560499
building,169.14289564492083
dirt,38.74358973341145
dirt,10.390425439480378
dirt,10.255875783534274
grass,84.10061994487691
grass,121.2910836058617
grass,80.72586433296748
grass,79.97294583068897
grass,79.39698771097363
grass,78.42198843258545
grass,77.92754262334039
grass,80.78897204368916
building,252.91644758686314
building,252.60962334519002
building,238.49179156740158
dirt,10.997205759852188
dirt,14.638311643216554
dirt,10.758800541565513
dirt,11.694082454323075
canopy,159.73196452167426
canopy,159.72870327570823
canopy,159.40053600953257
grass,80.54604538057646
grass,50.58925875375265
dirt,41.16527142897426
grass,105.03687443227525
canopy,159.75420747037802
canopy,159.3095834922494
canopy,159.96471814660674
canopy,159.99074191701706
canopy,159.43402304484061
dirt,34.3824254614536
grass,70.78834548572038
grass,51.075750209491076
dirt,10.180202607508926
dirt,10.26406469772062
dirt,10.276151668510268
dirt,10.882492413011624
grass,79.6307616132186
grass,80.10717837651892
grass,80.07162141974818
grass,80.02897802540542
grass,80.0905303358474
grass,80.09390905865155
grass,77.07181959518162
grass,73.81548380381163
grass,78.75855213482114
grass,74.99285594840222
smooth_trail,104.53239510152797
grass,89.68338254449613
grass,84.7096457158351
grass,92.25369911939354
grass,80.471800122981
grass,80.09205616618677
grass,80.14562359906992
grass,98.13748226183085
building,253.83538385904677
grass,84.54731823764033
dirt,10.306444102944544
dirt,10.30881314284775
dirt,17.77848012670487
building,253.50962563236013
building,253.86615997915655
grass,107.21765872854637
grass,80.14389464245313
grass,79.80057713374839
grass,80.22466221799087
grass,80.0537254980611
building,244.4527804471943
building,252.84756352660895
building,252.84143907053144
building,180.11831619437862
dirt,12.12236040097348
dirt,10.121935027381156
dirt,10.262677369155622
dirt,11.292546515078737
dirt,93.92736968382542
canopy,159.8500664018048
dirt,12.417502651576859
dirt,10.946410121832788
dirt,10.468948021220776
dirt,57.83327924107857
canopy,160.02895454694715
canopy,159.99218304642747
canopy,159.9956566992937
canopy,159.5026484096397
canopy,153.22762049120564
grass,80.4063129983755
dirt,64.35927218418371
grass,78.75432739539504
grass,72.19530873773334
dirt,10.579015308529156
dirt,10.273796874384063
dirt,10.126392117975898
building,208.91915409024793
building,252.5591714341744
building,252.8943073471515
building,251.89434822754123
building,253.2994682501271
building,253.99033739982153
grass,80.06473827635388
grass,51.56353861178587
grass,47.939403435143845
grass,76.42316299475858
grass,80.25375156485458
building,249.61351118630628
building,249.40053894862308
building,244.49589646430906
building,141.7125810749459
grass,80.12845277846023
grass,80.29456681209885
grass,80.12817747017478
building,246.4563619789554
building,253.50311115328273
building,253.47765067203966
dirt,10.769774425585624
dirt,10.597059438043823
grass,80.94477760456762
building,194.92234523452228
building,253.74166397874535
grass,82.51329964173844
grass,78.70961384093384
grass,79.51456022306004
grass,79.8543339170927
grass,79.03529320102423
grass,69.65316303742698
dirt,42.47634898427892
dirt,56.795830476762106
dirt,52.58856695284643
dirt,12.594555022614774
dirt,10.33104272905785
dirt,10.387903115607996
canopy,159.55293612830545
canopy,159.98000175222782
canopy,159.98916394438447
canopy,159.266092899645
dirt,10.37810974786723
dirt,17.966276658811154
canopy,159.93809442691943
canopy,159.95736146298404
canopy,159.9929247997108
canopy,159.99782298507537
canopy,159.99152163332
canopy,159.7614259767989
canopy,124.15080691097876
grass,98.31730681196555
grass,80.07580133646853
grass,79.73102789665477
dirt,18.962673525112827
dirt,10.34503501116374
dirt,10.149633944602506
building,249.63006607465434
building,253.21784267312668
building,251.45538837843492
building,253.51482336924127
building,253.1469079860438
building,253.98505357847355
grass,81.10272336258629
dirt,40.600806699903345
dirt,14.861462958470145
dirt,15.407977039694622
grass,66.27370003134278
building,165.13749909547252
building,142.6636899712577
building,232.2868804134136
grass,80.74660857776465
grass,80.7782572463252
grass,80.32722727223201
grass,80.16033971180235
grass,81.12678438469884
grass,94.58507481283198
grass,78.45676510453694
dirt,10.743766784231099
dirt,11.48391991812143
grass,80.36171638178304
building,253.58023030487462
building,253.66662399956056
building,251.84806769341037
building,252.02173867367037
building,142.63321758229623
dirt,55.048263960655326
grass,73.19154025930303
grass,63.4716700059657
grass,62.13464836822233
grass,55.671970376986295
dirt,14.932142227855099
dirt,10.89929440313774
dirt,10.089207827965657
dirt,10.628820749949423
canopy,155.43889872378057
canopy,159.80137007699363
canopy,159.96643034791484
canopy,159.88266387019928
dirt,10.2379504866251
dirt,36.5703279203186
grass,79.75983813632197
grass,86.86319762996047
canopy,159.95776399283193
canopy,159.99569828728963
canopy,159.99171142147503
canopy,159.9939238296599
canopy,159.9925634269649
grass,88.03960212526385
grass,80.13372094615922
grass,80.06795729751343
grass,77.15246758074126
dirt,10.645198844707998
dirt,10.209572979932124
building,151.13882815510743
building,251.80056706630978
building,251.6804606557565
building,253.87331104525904
building,253.7535094843379
building,253.98232817444494
grass,81.40404525260072
grass,74.72338867132734
grass,67.10855827750653
dirt,10.915477229349237
dirt,31.81579567303749
grass,79.31730056727245
grass,79.77163629102985
grass,99.65446456033818
grass,80.0561819139556
grass,80.16990615749603
grass,80.27619185425282
grass,80.15191943691063
grass,80.25457666909541
grass,80.40390252733094
dirt,10.744993553934936
dirt,10.361311491019903
dirt,11.290849729797532
grass,80.52566971226469
grass,97.75049744891562
building,210.86776390326924
building,231.56072565526475
building,250.2358306085882
building,253.6828109239548
canopy,116.43988489032142
grass,78.94796268041367
dirt,43.19502518044858
dirt,12.302510483927962
dirt,10.218656589973987
dirt,10.138309051379698
dirt,10.218208118294218
dirt,10.282839006844675
dirt,10.991129983974766
dirt,15.518397383402686
canopy,159.9314860676818
canopy,159.75705841100677
canopy,159.98650335807378
canopy,159.98066694945027
canopy,152.2365167280225
grass,80.2698851316354
canopy,159.49809362870818
canopy,159.53396074116912
canopy,159.99187306089934
canopy,159.98177667503265
canopy,155.25033900312587
canopy,126.00729154235121
dirt,17.864747502731728
grass,74.7940281007437
grass,80.30552956075923
grass,79.60087807894963
dirt,10.444035294825841
dirt,10.144770007428166
dirt,48.682663180059755
building,253.42992407382442
building,248.51649730654339
building,253.61004353352553
building,253.48189660917123
building,253.96554453821446
grass,81.44254810528467
grass,70.40698814687006
dirt,34.58288392592999
grass,53.02348126938816
grass,56.68097317079104
grass,78.31933774999467
grass,79.9837537871472
grass,92.10394619600149
grass,80.42055316271521
grass,80.1905766597322
grass,80.65816820679233
grass,80.64774844590013
grass,80.4932692725131
grass,80.32689247079551
dirt,10.140460293127644
dirt,10.168731950150615
dirt,16.631237064319652
grass,80.28448586927944
grass,80.2268501734049
grass,79.67707503740313
grass,80.07111258343161
grass,79.84572123570395
dirt,78.50990061692167
canopy,113.70782386429318
grass,79.04276098390243
dirt,11.782905493813344
dirt,10.687780353695683
dirt,10.55327434971272
dirt,10.519459295215425
dirt,10.29135940360664
dirt,10.191332865042128
canopy,144.974404497709
dirt,10.761226341025802
dirt,11.116491866063532
canopy,159.92207434033224
canopy,159.98425520133273
canopy,159.98590955478602
canopy,159.99110709935428
canopy,159.74309353541742
canopy,158.96292128198732
canopy,159.86837973238872
canopy,157.71344039512638
grass,87.36459909673738
smooth_trail,0.3331387829292385
smooth_trail,0.10654232244168027
dirt,15.032008348301723
dirt,10.489764851834591
dirt,10.574699344189083
dirt,10.11973993028844
dirt,10.12163777836728
dirt,10.203634748041612
dirt,69.05168416697501
building,253.99156569628292
building,249.21874411820997
building,253.63248972834873
building,253.5356919054086
building,253.98241645039207
grass,99.19560436728393
grass,79.65355258715425
grass,75.77509992508074
dirt,12.042734431320454
grass,73.85167412185804
grass,80.1505884883482
grass,81.16523753772265
grass,85.51106056501837
grass,80.32541733839165
grass,80.18949134317356
grass,83.94152913139547
building,253.1515804980169
grass,111.89569226749327
grass,80.01809433869414
dirt,10.794755438283143
dirt,10.64714453864461
grass,79.18577350524573
grass,81.46662703631162
grass,90.19902338640699
grass,81.10446519859893
grass,79.9991336784506
grass,78.54562169995535
grass,72.5091223941657
grass,78.93975340801157
dirt,29.525033615759202
dirt,10.100438251337605
dirt,10.449078289458011
dirt,10.199394938316075
dirt,10.15123707865639
dirt,10.568460907536512
canopy,149.49131679107865
canopy,159.9805192910734
canopy,159.97015597169195
dirt,13.138524805368883
canopy,159.926798423404
canopy,159.96089543806926
canopy,159.82613213697167
canopy,159.44089822515295
grass,88.21532653867163
canopy,137.75198352303937
canopy,158.83115555993393
grass,80.46010612853671
smooth_trail,39.02551780034051
smooth_trail,0.23712631555802618
smooth_trail,0.14904103609965766
dirt,104.23687066963618
dirt,11.066448802452289
dirt,10.368211270034102
dirt,10.131159354505701
dirt,10.152778071763628
dirt,10.416478770072212
dirt,36.02649199571384
building,253.69485375498158
building,227.15016965907358
building,253.52111090752624
building,253.78215349495127
building,253.95128347247078
grass,123.20878431349703
grass,79.93318886382838
grass,79.77766631817704
grass,63.46530528612183
grass,64.32172399665984
grass,78.74901529074421
building,115.94652164856211
building,248.52480690673232
building,247.7274413909064
building,172.15896183331236
building,236.8782921357761
building,253.81545795829797
building,253.38575403148786
grass,93.66013382801891
dirt,10.36501879060764
dirt,10.132235928837828
grass,80.0342352204477
grass,87.2344292720791
building,252.40914624116908
building,245.68972849020676
building,185.24335146838473
grass,79.47827500667026
grass,65.87218380375481
grass,61.573640901340696
dirt,36.22781525560939
dirt,10.124271441440069
dirt,10.186876061909132
dirt,10.313995625700908
dirt,10.702329386156856
canopy,158.29258906514136
canopy,159.92663004381964
canopy,159.98797823279835
canopy,159.9799186464883
canopy,159.91128617284193
canopy,159.34464405424262
canopy,159.98141026724093
canopy,159.80233349012008
canopy,159.78562778028768
grass,80.21821566548043
grass,80.40464287148205
dirt,12.056240090065867
dirt,73.37594867481629
smooth_trail,0.7994581251379881
smooth_trail,0.4484249772614874
smooth_trail,0.9628709425698071
grass,104.15420746993578
dirt,11.186323358388943
dirt,10.247890615949967
dirt,10.072239168945137
dirt,10.269582425770468
dirt,10.323829395271389
dirt,20.29798874890048
building,253.5340917040182
building,219.95071166261545
building,253.3372727961398
building,253.23287952608183
building,253.97456635464445
building,198.29783784989584
grass,79.77685378878782
grass,79.89796388162124
grass,78.5572384268494
grass,79.63764201739195
grass,76.49871228189377
smooth_trail,25.86803785502616
building,140.89712007332676
building,251.8313455334906
building,253.76458678500342
building,253.80044184094686
building,253.7021364494106
grass,122.8610362836552
grass,81.53689653601667
dirt,11.150430115627207
dirt,10.186146707182127
grass,61.944791180345106
canopy,136.9166712365955
canopy,129.5561408724472
building,147.64306752301846
building,129.75801255456363
grass,60.45415231842756
dirt,12.586958414313308
dirt,10.375924007281686
dirt,10.295133466003822
dirt,10.316011930016783
dirt,10.533896356995703
dirt,10.238293831538652
dirt,10.102210007610392
canopy,159.9026398618393
canopy,159.9928459266967
canopy,159.9498669179227
canopy,159.93506337825013
canopy,159.93002521182487
canopy,159.98917953238436
canopy,159.988901683109
canopy,157.30678217099646
canopy,158.656601849064
canopy,159.12906638759853
grass,80.64608852077643
grass,80.34094855653294
smooth_trail,0.8313316489531086
smooth_trail,0.19482242924176144
smooth_trail,0.23391737425506884
smooth_trail,0.1944039852490261
canopy,149.64663293000487
grass,79.92892207479191
dirt,10.279503472869752
dirt,10.637088533215875
dirt,10.908226200898346
dirt,11.058907956875162
dirt,17.02747310048104
building,253.9694378606421
building,181.78765786883886
building,253.44491158090506
building,253.80905144632817
building,253.914083211434
building,245.1238268706052
grass,80.09595490469627
grass,79.86064915455258
grass,58.11056867695994
grass,79.56072800788483
grass,80.00511915118803
grass,80.03276465112397
grass,80.24940140275494
grass,96.95667826979941
canopy,164.39481045648714
building,253.66317302841532
building,208.96548463235717
grass,80.15159417668411
grass,80.1069771011482
dirt,10.69143296663625
dirt,10.176755226101996
dirt,10.396482292623011
grass,79.96431843956138
grass,83.0011738834068
building,248.56015051484664
canopy,150.97380988352717
dirt,12.679844345471782
dirt,10.145128735027852
dirt,10.14138834546866
dirt,10.354668443697909
dirt,10.127699966734262
dirt,10.87408420998487
dirt,10.899495677372697
dirt,10.276141660001032
dirt,12.715859302704592
canopy,159.68949020389095
canopy,159.95156654112887
canopy,159.92737076444993
canopy,159.76852473035734
canopy,159.98066943355295
canopy,159.82726635580818
grass,84.50066197798097
grass,79.87871463760038
grass,79.80762303760226
grass,80.03437332314206
smooth_trail,2.712482013533487
smooth_trail,0.1229362575933427
smooth_trail,1.2991155740132956
smooth_trail,0.3575615406571064
smooth_trail,9.069113232509054
canopy,159.91248765699413
grass,80.06064095929733
dirt,12.557164754150984
dirt,10.485309609173276
dirt,10.177404389061396
dirt,10.147128951866192
dirt,11.187008316877769
building,253.90936580523896
building,206.08441161902192
building,253.75519424670327
building,253.43135776498647
building,253.72217119504285
building,239.1065621195747
grass,80.01300501636216
grass,79.89564543891649
grass,74.03724762120467
grass,77.4742997671766
grass,79.70939419676277
grass,80.25970525707868
grass,80.11175937700952
grass,80.36426526150237
grass,80.32428104690518
grass,80.37177518496839
grass,127.18292913271861
grass,80.37520035027914
grass,80.34889623013868
dirt,11.096370936518001
dirt,10.172845670250934
dirt,10.9416448853096
grass,83.59950315624178
building,253.86055869191716
building,253.80636664635992
grass,80.84516202211697
dirt,10.482374124535625
dirt,13.47291108798866
dirt,10.285434481861984
dirt,10.920831780872424
dirt,11.815607577794719
dirt,10.252271432934812
dirt,10.427810795434024
dirt,10.281811727410947
dirt,10.679852013257436
dirt,28.475691420351914
canopy,159.12997570685434
canopy,158.45383740305272
canopy,134.6138960665057
grass,79.70716869624572
canopy,133.87806793076135
grass,80.52847705934545
grass,80.00808789716093
grass,80.41201257821963
grass,71.9810851913102
smooth_trail,0.24090029658443624
smooth_trail,0.31714322709761295
smooth_trail,0.27353919126222326
smooth_trail,0.778986928775453
grass,80.01963310274013
canopy,149.86955577190034
grass,80.30946630644482
dirt,13.494729180969705
dirt,10.327234607922477
dirt,10.51771303136667
dirt,10.939931280916461
dirt,12.873459837211156
building,252.23184537603788
building,242.31487444871567
building,253.51690854393075
building,252.85309636507597
building,253.4878168202795
building,251.16336378381362
grass,79.43834441562792
grass,79.47706604441524
grass,64.45924168322439
grass,63.651709762886114
grass,79.41775127746897
grass,80.117853205402
grass,80.49559221810868
grass,81.20634301171317
grass,80.60352421124222
grass,80.18888634349258
grass,80.27403866164937
grass,80.06396079626009
grass,80.56230725904781
dirt,30.202491285066245
dirt,10.279242371104877
dirt,10.63608368811409
grass,78.83536124246233
building,251.56783336226874
building,253.78512268476936
dirt,40.03477040757753
dirt,14.07099792161096
dirt,16.617225939028604
dirt,10.13815103524471
dirt,10.128519662716315
dirt,10.23373007343869
dirt,10.178699612500344
dirt,10.72122775128927
dirt,10.169423903174843
dirt,21.657489943085515
canopy,158.72132605592597
canopy,159.84541052355507
canopy,159.61101376763517
canopy,159.6815823364076
canopy,157.6289626481556
grass,79.83062384389754
grass,79.92595715565815
canopy,146.23914865462496
canopy,156.1217449259534
canopy,158.73162249511032
smooth_trail,0.10067018105816979
smooth_trail,0.46553262332127693
smooth_trail,0.22694373790748612
grass,80.68047211248314
grass,80.18712607606653
canopy,154.45602686128754
grass,80.17004562623187
dirt,15.276405281928941
dirt,11.486464322502457
dirt,10.25692688751155
dirt,10.516667930893322
dirt,10.4133520633027
dirt,20.332967748262774
building,140.06494010418777
building,228.42998973753697
canopy,193.22411064079333
canopy,145.47651269702064
grass,79.38685968705917
grass,79.37843108516698
grass,75.01834499512636
grass,63.6955556836353
grass,79.86601603746622
grass,79.36355006225313
grass,79.90912957136209
grass,80.09253688193289
grass,80.29004894020855
grass,80.9510141273118
grass,80.17027737310084
grass,80.45342243685455
grass,80.3486353160051
grass,80.10737230196231
dirt,12.525111838009956
dirt,10.242937317203644
dirt,10.484818606545542
dirt,10.692610631161463
grass,111.87502191915199
building,161.53548714230158
dirt,37.67484634060618
dirt,10.164453914235992
dirt,10.166956710354604
dirt,10.142787151426779
dirt,10.872187038677612
dirt,10.951509193787043
dirt,10.162082983344815
dirt,10.500797819182514
dirt,10.435906058919953
grass,77.39059495977668
grass,80.4016559778399
canopy,157.57729859103276
canopy,159.64308538705544
canopy,159.9104063480431
canopy,158.96311604094024
grass,79.51071959932018
grass,79.87549305187207
canopy,159.3805244797248
canopy,159.89586977354398
canopy,157.5876119107449
smooth_trail,0.4634436759114719
smooth_trail,0.24694606609177233
smooth_trail,31.392028862220666
grass,80.13276381690213
grass,79.96228751405265
canopy,134.42799907257285
grass,80.49452128409007
dirt,27.15494846772473
dirt,10.143123194621987
dirt,10.11474374683321
dirt,11.174028839238922
dirt,10.14394878448765
dirt,10.232133414003416
grass,77.77623862333108
grass,80.09569997010192
grass,80.00224156498834
grass,79.78902918357934
grass,79.2395655812172
grass,79.17048693688378
grass,79.22941453970445
dirt,39.858389955680664
grass,74.66782017289742
grass,79.62178502260198
grass,80.08036865634176
grass,79.95412023123681
grass,83.62164508755022
building,253.53613622201692
building,245.2866803948226
building,168.39033964709586
grass,80.71823770226321
grass,80.81448704809793
dirt,12.709855715237689
dirt,10.205859671509034
dirt,10.797358452841616
dirt,33.91759869744524
grass,79.82475890538966
grass,79.8669735412396
dirt,42.156504950446404
dirt,10.303373370600331
dirt,12.131329285852072
dirt,11.03754758376817
dirt,10.15324673006371
dirt,10.451373676517758
dirt,10.39740623642289
dirt,10.74229982687694
dirt,10.898265633338763
grass,79.64320122765099
grass,80.09168017727293
grass,80.14849923541048
grass,80.97248033853168
grass,80.25883782488837
grass,79.77616068118053
grass,80.07577381288326
grass,89.62923657368819
canopy,158.5425433690293
canopy,159.53649364486685
canopy,159.8966533403438
smooth_trail,0.23951534562700713
smooth_trail,1.7020012423030733
grass,80.13870785148616
grass,80.15167269085468
grass,79.96415758676648
grass,105.25151976572813
grass,80.06309717804817
grass,67.95433418753265
dirt,12.047938751042949
dirt,10.225690579247443
dirt,10.345129300890187
dirt,11.094954815177319
dirt,10.527443715184853
grass,55.07789926974878
grass,80.06997966385035
grass,80.19953259775318
grass,80.0632776506958
grass,79.66727557113954
grass,74.24234012783808
grass,79.59913661002004
grass,77.63392526394532
grass,79.66941462194289
grass,80.07837970395566
grass,80.03708947364011
grass,79.93220774693346
building,250.36375604574562
building,251.9219739058911
building,252.3215492532356
building,253.38733077193973
building,253.8625999934984
building,244.5809704637642
dirt,11.408987814508103
dirt,11.222549381254192
dirt,24.459325259223014
grass,80.73415917249606
grass,80.03960884281597
grass,79.78925120503634
dirt,22.359975596810116
dirt,11.886932441154165
dirt,10.679460398477483
dirt,10.22829656358549
dirt,10.132008879338038
dirt,10.813254024212876
dirt,10.168250678941801
canopy,150.65240691174358
canopy,137.76377210214525
canopy,157.10690446534298
canopy,159.81860574498694
canopy,159.71875489668773
grass,81.04645801838979
grass,80.01476628299913
grass,80.00635268527459
grass,80.28431088220093
grass,83.66226937566948
canopy,150.35066426505009
canopy,159.96785525795426
canopy,154.93698590799147
canopy,159.97264072892438
canopy,156.18888844794017
grass,80.54527627781839
grass,80.2192688323358
grass,80.08490797230957
canopy,144.08933916937906
grass,80.3104719708003
grass,80.07209732584859
dirt,13.555550856249724
dirt,10.565177510994001
dirt,10.369539439761084
dirt,10.2013579732674
dirt,10.175633440222091
dirt,10.548010010372062
grass,80.12883056461814
grass,80.62800120220109
grass,80.58561609618437
grass,79.94203228695129
grass,80.0193629850356
grass,79.9020062780497
building,243.27377136755211
building,251.54873616125198
grass,80.95634411468446
grass,79.77864789257312
grass,77.79029775050871
building,252.605310296797
building,216.5188529438256
building,240.10462392415
building,230.05991772560384
building,252.76034444229194
building,252.58372828699498
dirt,10.24350049057706
dirt,10.214164318406153
dirt,15.042056417141211
grass,100.95513576932764
building,253.74617864567043
building,217.74149460014516
grass,93.31307745560271
grass,50.1751688307703
dirt,39.6897928689431
dirt,10.405007534589162
dirt,10.191194820325332
dirt,10.49026441653201
dirt,20.019040547699387
canopy,159.97860112676608
canopy,159.99785155802206
canopy,159.9930828084948
canopy,159.98749188658135
canopy,159.9704564035
canopy,159.68085883667123
grass,80.41388576065812
grass,80.27635949030355
grass,80.65946156394267
grass,80.63328747904545
canopy,159.19071263965617
canopy,159.91522872652337
canopy,159.97398696690212
canopy,159.99320009274345
canopy,159.55317591679005
grass,80.01587287363192
grass,80.05479052999699
grass,79.92485222588701
canopy,159.95679286406943
grass,80.81183830254466
grass,82.38685927332598
dirt,13.867465241242314
dirt,10.153725804640876
dirt,10.694741545763454
dirt,10.51281641307833
dirt,10.169176750003478
dirt,10.177933638709018
dirt,10.134743429265031
grass,79.38077460365311
grass,80.09039763098406
grass,80.16773729936224
grass,80.27551652624147
canopy,124.82855100501246
building,251.6648096474579
building,252.9344695508369
grass,104.41511889126427
grass,79.86211906398877
building,176.1665446367689
building,253.0959045323978
grass,81.78557840269423
grass,79.86318043592294
canopy,149.99048754310084
building,215.4318499859617
building,252.7089989399176
dirt,11.365209224188709
dirt,10.78290250417664
dirt,32.94346265802295
canopy,140.11616009125999
building,247.36314221092903
building,251.2979651143731
building,253.5019542761497
grass,59.45963230484348
grass,47.77783664399322
dirt,11.056413789865951
dirt,12.101197549560514
dirt,10.143614351121679
dirt,20.857044610894675
grass,118.01012162670608
canopy,159.9967979367148
canopy,159.98790214391263
canopy,159.9867201372828
canopy,159.996528569797
canopy,159.96380165888633
canopy,158.5086213886623
grass,80.04230475596582
grass,80.11865962535717
grass,80.10958384741002
smooth_trail,1.6135131320988534
canopy,159.8504837593354
canopy,159.96713331500553
canopy,159.99805642935027
canopy,159.9992106717081
canopy,159.9830112869461
grass,80.48518900825232
grass,80.0420174916809
grass,99.08124513545448
grass,80.11465490267568
grass,80.39238633265234
grass,79.15497807874526
dirt,11.17676867006064
dirt,11.793667854083854
dirt,10.204819895685038
dirt,10.176207840535534
dirt,10.141335989580105
dirt,10.378980192418494
dirt,10.160463976612258
grass,80.12081060783397
grass,80.32639548193632
grass,81.25078218274086
building,249.50183881039487
building,250.02238415085912
smooth_trail,35.59995429651972
grass,80.03083446496017
grass,80.25300097231725
grass,79.83127609173971
grass,80.04087244114729
grass,79.96291804847431
grass,79.69573256642528
grass,80.0709375884978
grass,80.10616926461742
grass,80.10754736904369
dirt,10.567477014788867
dirt,10.541501990637087
dirt,10.883640885306724
grass,55.34568515307287
canopy,159.90001677519658
building,253.46759830666335
building,249.5078601764059
grass,78.6904983625502
grass,56.6300858231011
dirt,15.685763837940216
grass,85.92131589090141
dirt,62.25268212987855
dirt,10.502054669993619
dirt,36.72365770717167
canopy,159.97451800219392
canopy,159.92852829916848
canopy,159.9660137504803
canopy,159.90466624003474
canopy,159.90433942211712
grass,114.85960437880864
grass,80.03971302716664
grass,80.0549289680264
smooth_trail,2.2592402677741883
smooth_trail,0.11941565579222693
smooth_trail,4.145673661607662
smooth_trail,89.32994564716759
canopy,159.1078893634655
canopy,159.9685867655662
canopy,159.89452569542215
grass,83.89775947595905
grass,79.9860663718153
grass,79.53658285180832
grass,80.33807562979862
grass,80.18819998868445
grass,79.94402339793679
dirt,10.154225388791485
dirt,10.266016795854457
dirt,10.144823603902957
dirt,10.104279383072416
dirt,10.703943696159895
dirt,10.203582298411641
dirt,10.348687540711445
dirt,10.211861814000939
grass,79.66514347020258
grass,83.85667651020344
building,222.72325485417255
building,219.86437107123942
grass,80.42813331945237
grass,80.00834942240773
building,242.51282718665405
building,223.1424780703428
grass,79.99914035244211
grass,79.91023503687809
building,230.91849931874495
building,253.92182792777965
grass,86.03485016192435
grass,79.98157593322647
dirt,10.124870600973743
dirt,13.45531361151193
grass,70.00227138874702
building,190.46598442649866
building,253.26304909125466
building,253.97686231089384
building,223.19479020422563
grass,80.81461628262788
canopy,158.9390618557339
canopy,150.82189328998396
canopy,159.99770663324452
canopy,159.78823680427192
dirt,17.252324273460484
grass,49.26233812604296
canopy,131.30791682061252
canopy,159.95292706605113
canopy,159.80477222572569
grass,82.20553353956934
canopy,139.46655161452685
grass,86.7337021522852
grass,80.31184116663847
smooth_trail,2.7432004747553016
smooth_trail,1.3899151863558818
smooth_trail,4.272663280529843
smooth_trail,0.1776984452625418
grass,80.01642316135555
grass,80.09578977205118
grass,80.23189485591132
grass,80.2928892211449
grass,83.18673122101795
grass,80.52561118632916
dirt,40.05157198313505
grass,80.17774078520014
grass,80.23131539071821
grass,77.70565432661179
dirt,10.231111701289441
dirt,10.244740350702543
dirt,10.790050744283953
dirt,10.247523627470851
dirt,10.888782971624977
dirt,13.490541836752373
dirt,14.699389180499896
dirt,11.696330148518856
dirt,10.460608618937545
dirt,13.889264211468952
grass,80.01253704236103
canopy,150.6877746344948
grass,80.41047562967837
grass,80.36890849869773
building,246.21579504743283
building,253.7145270472483
building,253.91948255530215
building,253.74013006790932
building,250.75456979563472
building,253.73632647736494
dirt,10.922253078479496
dirt,11.445989611301943
dirt,10.171284646811795
grass,76.80497210973807
grass,80.11693807578216
canopy,145.61627990941912
building,253.72900676641697
building,253.67038531845117
grass,80.85349184003724
canopy,159.77053352905003
canopy,159.99863332730052
canopy,159.99678056967707
canopy,159.96731110356706
canopy,159.97929760867768
canopy,130.13869300918094
grass,47.9199621793691
grass,79.92135061262303
canopy,159.1397095079721
canopy,159.7470818803855
canopy,159.92473974175422
grass,91.96514950635274
grass,81.0806114682346
grass,81.67659006366829
smooth_trail,0.6580539505686092
smooth_trail,9.913090585994615
smooth_trail,13.099514613017734
grass,82.61590012370962
grass,80.0980955595021
grass,80.06175864188002
grass,80.43210547711807
grass,80.3419749423319
grass,80.2601054364589
grass,80.10077500692151
dirt,115.93145185180539
grass,79.90935957617533
grass,80.12060156755103
dirt,13.032037292979798
dirt,10.725873703639238
dirt,10.533256912285298
dirt,10.32679172871794
dirt,10.437037058769683
grass,77.22041337435627
grass,80.14344640365573
grass,80.86043379638134
grass,80.19099486016066
dirt,10.627066737361659
dirt,10.13351478796161
dirt,10.140381424479735
grass,79.46620564152435
grass,80.13185311028258
grass,108.87195985117734
building,227.0597008385925
building,253.29423068887434
building,253.4185721784991
building,253.2114148061543
building,252.72313236050942
building,195.6859611610398
building,170.46484884911803
dirt,11.566457931291849
dirt,11.060236642315198
grass,80.13893109312401
grass,80.32061094009443
grass,97.75610586072575
building,252.4827441686184
building,233.08610456275423
grass,80.14296557508038
grass,85.58033831968932
canopy,159.98998292955915
canopy,159.99763987827936
canopy,159.97160710658795
canopy,159.99497117364683
canopy,159.2275925632151
dirt,31.924989222445586
grass,79.3084169842216
grass,80.17976246659458
canopy,159.91487901375527
canopy,159.98356528294704
canopy,157.8230719148921
canopy,158.77776835862466
canopy,159.91628975308873
smooth_trail,46.42386289418871
smooth_trail,13.56381910825633
smooth_trail,19.006200693505768
grass,81.44023815059877
grass,80.33278650421062
grass,80.23145941412642
grass,80.1061989453956
grass,80.01446688375695
grass,80.12410843387889
grass,79.98874536569186
building,206.45600270417555
grass,78.00392285484209
grass,80.49682633898738
dirt,10.935551570237028
dirt,10.419448390247437
dirt,10.18584352779833
dirt,11.305573508567955
grass,79.72857532244355
grass,79.87259396312908
canopy,159.97645490560006
canopy,159.97075781524163
grass,79.980149694599
grass,78.9996140077486
dirt,10.426874086986107
dirt,11.109140833729715
dirt,10.515944302404181
dirt,11.805625107732636
grass,79.75774064181158
grass,78.38135919274471
dirt,25.02383793407635
building,203.1986531095192
building,253.52144801096776
building,251.81031649592353
canopy,154.7971349724565
grass,80.75416200635321
dirt,10.392376590780186
dirt,10.666483912315538
grass,80.16235157241212
grass,79.97908071122961
grass,80.94944210240443
building,213.2856613574753
building,252.99733901837496
grass,79.74327589503739
grass,78.74235636777907
canopy,157.78610137338467
canopy,159.98818373107977
canopy,159.97918900303438
canopy,159.97041754258402
grass,81.39057836543863
canopy,106.38999001914691
grass,75.60098215348229
grass,80.36084499312638
grass,81.56736135923181
grass,111.27262178627933
grass,108.67068932271073
smooth_trail,39.49191325563616
canopy,159.97934111303607
canopy,159.96337653605784
smooth_trail,11.182468919783103
grass,86.77583011372666
grass,80.1112581221722
grass,80.0811716010844
grass,80.09695183600509
grass,80.6861225771727
grass,80.13931248657077
grass,80.16575215664675
grass,82.20307252235853
